gene_id	abundance	counts	length	countsFromAbundance
ENSG00000000003	0.04477487	29.6875	3616.22	no
ENSG00000000005	0.03830201	4	569.655778789089	no
ENSG00000000419	65.0716342001786	11356.312300031	951.915717003008	no
ENSG00000000457	6.90110308397321	4330.40100201354	3422.65426237573	no
ENSG00000000460	14.882555	5948.036	2179.9639135678	no
